artwork_id,title,artist,address,city,state,zip_code,latitude,longitude,materials,workType,themes,yearCreated,placement,collection
df9252f4-c491-4b84-97b1-83ff9b6bea9a,Sunflowers,Madeline Maas,162 Greenville Avenue,Staunton,Virginia,24401,38.147351,-79.0716099,paint,mural paintings (visual works),,2018,exterior walls,Augusta Christian Educators Studio Art Program
f62e0141-8697-4e03-952f-9c6b324b8cd3,Watering Can,Willy Ferguson,201 Greenville Avenue,Staunton,Virginia,24401,38.1466247,-79.0709247,carbon steel,outdoor sculpture,,1999,median strips,"City of Staunton, Virginia"
df7cabbe-90ce-44d0-ab1b-2864f31f8ea4,American Flag Mural,Laura Whitmer,7014 Winterberry Ave.,Covington,Virginia,24426,37.792984,-79.905208,paint,mural paintings (visual works),,2019,exterior walls,Kaylynn Farm
29ff85e0-4e4e-4acb-b457-993907b120fe,"Columbarium Screen for Grace Evangelical Lutheran Church, Waynesboro, Virginia",Joan Huiner Ranzini,500 South Wayne Avenue,Waynesboro,Virginia,22980,38.0630038,-78.8944984,"steel (alloy), paint, concrete",outdoor sculpture,,2010,religious buildings,Grace Evangelical Lutheran Church
1cf5aca9-2e2a-4f08-8ce2-035e522104de,RiverDance,Dimitar Lukanov,150 Keswick Court,Rockingham,Virginia,22801,38.3892429,-78.8280379,"stainless steel, paint",sculpture (visual work),,2021,roadsides,Privately Owned
e32678b8-9f00-4ca4-beb1-31fdbca34a60,Crozet Trestle Mural,Bob Kirchman,1220 Crozet Avenue,Crozet,Virginia,22932,38.0696428,-78.7033543,paint,mural paintings (visual works),,1992,bridges (built works),"Crozet Community Association, Crozet, Virginia"
dcf74b52-ed7e-411e-bd6f-65bca2610a5d,basics #50,Matthias Neumann,8009 Fishburn Drive,Roanoke,Virginia,24020,37.353729,-79.942238,wood (plant material),sculpture (visual work),,2021,"museums, universities and colleges",Eleanor D. Wilson Museum at Hollins University
81edc37b-2faa-4eeb-8d07-0f2def21285b,The Students' Progress,Lincoln Frederick Perry,Old Cabell Hall,Charlottesville,Virginia,22903,38.032838,-78.504872,"oil paint (pigmented coating), canvas",mural paintings (visual works),,2012,universities,University of Virginia
07718ae0-f93c-4d5c-bb70-dc62617490d2,Hollyhocks,Bob Kirchman,830 Cherry Avenue,Charlottesville,Virginia,22903,38.0285243,-78.4949,paint,mural paintings (visual works),,2015,"exterior walls, alleys (streets)",Cherry Avenue Shopping Center
9b233bf3-d519-4ad7-9a5b-3459bd436dd4,Untitled,Dorothy Gillespie,3837 Williamson Rd,Roanoke,Virginia,24012,37.308170010136536,-79.94767578890307,"aluminum (metal), enamel (fused coating)","sculpture (visual work), installations (visual works)",,2000,libraries (buildings),"City of Roanoke, VA"
f6a44f78-fde8-48d0-a88b-1e309028c7d5,Everything's Coming Up Toothbrushes,Caryl Lorraine Burtner,501 College Drive,Charlottesville,Virginia,22902,38.007451,-78.483278,found objects,"installations (visual works), temporary",,2015,universities and colleges,Piedmont Virginia Community College
5be1e8df-b547-4286-869a-4178f0d4c10e,Bon Voyage,Dorothy Gillespie,32 Market Square SE,Roanoke,Virginia,24011,37.27236337574137,-79.93916231737815,"enamel (fused coating), aluminum (metal)","sculpture (visual work), wall pieces",,1989,public buildings,"City of Roanoke, VA"
bf72620d-2b2a-4e54-8755-64f5716d8683,Untitled,Dorothy Gillespie,2502 Melrose Ave NW Suite D,Roanoke,Virginia,24017,37.28595198580994,-79.97787518890354,"aluminum (metal), enamel (fused coating)","sculpture (visual work), wall pieces",,2003,libraries (buildings),"City of Roanoke, VA"
8d9d23e3-8bce-4ea1-92d0-6307a743f488,Color Fall,Dorothy Gillespie,2502 Melrose Ave NW Suite D,Roanoke,Virginia,24017,37.28595198580994,-79.97787518890354,"aluminum (metal), enamel (fused coating)","sculpture (visual work), wall pieces",,1989,libraries (buildings),"City of Roanoke, VA"
effd2303-8424-41a4-8214-5bff715caeda,Untitled,Dorothy Gillespie,213 Market St SE,Roanoke,Virginia,24011,37.27190283521255,-79.9396449771548,"aluminum (metal), enamel (fused coating)","sculpture (visual work), wall pieces",,2008,public buildings,"City of Roanoke, VA"
bb2317cf-6ae9-40f4-aadc-d30709d90128,Centered Celebration,Dorothy Gillespie,1 Market Square SE,Roanoke,Virginia,24011,37.27173127734969,-79.93956566191936,"aluminum (metal), enamel (fused coating)","sculpture (visual work), wall pieces",,1970,public buildings,"City of Roanoke, VA"
c8463b3f-4ba8-489e-af34-5c31265f1e51,Accentuated Forms in Space,Dorothy Gillespie,312 2nd St SW,Roanoke,Virginia,24011,37.27125306658902,-79.94399444907442,"paint, acrylic paint","murals (any medium), mural paintings (visual works)",,1979,exterior walls,"City of Roanoke, VA"
e07e9ea7-9f6d-4707-8872-7bff1cbc7a4f,Untitled,Dorothy Gillespie,706 S Jefferson St,Roanoke,Virginia,24016,37.26826405803515,-79.94011495810854,"aluminum (metal), enamel (fused coating)",sculpture (visual work),,1980,libraries (buildings),"City of Roanoke, VA"
3b954004-c00c-4630-bbeb-3641c7b9c867,Steel Blossom,Béatrice Coron,706 S Jefferson St,Roanoke,Virginia,24011,37.26767422,-79.9399629,stainless steel,sculpture (visual work),,2021,parks (recreation areas),"City of Roanoke, VA"
7e427c18-4ed4-4431-a2ec-c38207079a0d,Celebrated Memories,Dorothy Gillespie,541 Luck Ave SW,Roanoke,Virginia,24016,37.27094904260161,-79.9520575153447,"aluminum (metal), enamel (fused coating)","sculpture (visual work), wall pieces",,2003,performing arts buildings,"City of Roanoke, VA"
d32b2962-43dd-4d47-974e-ba4d708e1510,The Matter of Angles,Dorothy Gillespie,2331 Franklin Rd SW,Roanoke,Virginia,24014,37.25122458159997,-79.95580414050072,"aluminum (metal), enamel (fused coating)","sculpture (visual work), wall pieces",abstract (general art genre),1997,hospitals,Dorothy M. Gillespie Foundation
768473ad-f279-41c0-a01e-1fc29c61a755,Joyful Noise XI,Dorothy Gillespie,3520 Kingsbury Lane,Roanoke,Virginia,24014,37.23957485795345,-79.9698279175066,"aluminum (metal), enamel (fused coating)","murals (any medium), wall pieces",abstract (general art genre),2010,public buildings,Dorothy M. Gillespie Foundation
7c2e766d-46ed-4bff-90f0-2f68e46c4cf5,Stella Rose Outdoor Piano,Rita Brame,209 College Ave,Blacksburg,Virginia,24060,37.22996806356537,-80.41637037529074,"oil paint (pigmented coating), markers (drawing instruments)",outdoor sculpture,,2023,sidewalks,"Town of Blacksburg, Virginia"
040370c0-71dd-47fb-8020-2ab145cda704,Shall We Gather,Darcy Meeker,600 Prices Fork Rd.,Blacksburg,Virginia,24060,37.234,-80.426,"oil paint (pigmented coating), plywood, paint, copper (metal)",metalwork,,2008,religious buildings,Luther Memorial Lutheran Church
1aaef91d-2ac2-40ac-a737-603734471afe,The First of May,Dorothy Gillespie,801 East Main St,Radford,Virginia,24142,37.14025288741189,-80.55091329854292,"aluminum (metal), enamel (fused coating)",sculpture (visual work),,1984,art centers,Radford University
6a14a06e-df81-4dd2-9a1d-36e639a2feb8,Phantoms Encounter,Dorothy Gillespie,801 East Main St,Radford,Virginia,24142,37.14025288741189,-80.55091329854292,"aluminum (metal), enamel (fused coating)",sculpture (visual work),,1988,art centers,Radford University
225b51f1-be6a-4e8f-8aad-7ce78ca7360d,Through the Looking Glass,Dorothy Gillespie,801 East Main St,Radford,Virginia,24142,37.14025288741189,-80.55091329854292,"aluminum (metal), enamel (fused coating)",sculpture (visual work),,1989,art centers,Radford University
b6504df5-126e-4469-a539-faffa6e13f60,Royal Crest Remembered,Dorothy Gillespie,965 E Main St,Radford,Virginia,24142,37.14024834288071,-80.55154735232965,"aluminum (metal), enamel (fused coating)",sculpture (visual work),,1990,universities,Radford University
ac8f1586-a053-41e3-955d-5348ebfd4039,Ribboned Festival II,Dorothy Gillespie,965 E Main St,Radford,Virginia,24142,37.14024834288071,-80.55154735232965,"aluminum (metal), enamel (fused coating)",sculpture (visual work),,1991,universities,Radford University
247d6422-ccbc-44e5-8282-30bf8a49de36,Cleveland Ballet Season 82-83,Dorothy Gillespie,965 E Main St,Radford,Virginia,24142,37.14024834288071,-80.55154735232965,prints (visual works),"prints (visual works), screen prints",,1982,universities,Radford University
1518a5c0-028d-4677-b8e1-970e912932f2,Changing Reflections ,Dorothy Gillespie,965 E Main St,Radford,Virginia,24142,37.14024834288071,-80.55154735232965,"aluminum (metal), enamel (fused coating)",sculpture (visual work),,2001,universities,Radford University
70eec48f-30c2-4199-92f9-a58cc10fe8aa,Sun Dance to the Gods,Dorothy Gillespie,965 E Main St,Radford,Virginia,24142,37.14024834288071,-80.55154735232965,"aluminum (metal), enamel (fused coating)",sculpture (visual work),,1990,universities,Radford University
4b6ce9a6-7c5e-458e-aaa1-b67039d3cd46,Dorothy Gillespie Portrait,Barbara Tiffany,965 E Main St,Radford,Virginia,24142,37.14024834288071,-80.55154735232965,"oil paint (pigmented coating), canvas","paintings (visual works), oil paintings (visual works)",,2003,universities,Radford University
648d499e-57af-4cbd-972c-8b793b1fb6b3,Royal Concerto: II,Dorothy Gillespie,915 E Main St,Radford,Virginia,24141,37.139222,-80.5522353,"enamel (fused coating), aluminum (metal)",sculpture (visual work),,1991,universities and colleges,Radford University
6b010943-75c5-43c9-b693-b5cc2d2e8ea9,Colorfall Series: Garden,Dorothy Gillespie,915 E Main St,Radford,Virginia,24141,37.139222,-80.5522353,"enamel (fused coating), aluminum (metal)",sculpture (visual work),,1993,universities and colleges,Radford University
fd2e2284-9e02-4bbc-888b-cb97d019920c,Sharps & Flats,Dorothy Gillespie,915 E Main St,Radford,Virginia,24141,37.139222,-80.5522353,"enamel (fused coating), aluminum (metal)",sculpture (visual work),,1991,universities and colleges,Radford University
ca31d603-c119-4475-9eb7-bd0b1b4e76a5,Untitled,Dorothy Gillespie,945 E Main St,Radford,Virginia,24141,37.14113713507604,-80.5558638302672,"aluminum (metal), enamel (fused coating)","installations (visual works), sculpture (visual work)",,1982,universities and colleges,Radford University
cbcf2043-2556-4f0f-aca3-6b26679822d7,Journey Series: Exploration,Dorothy Gillespie,604 Tyler Ave,Radford,Virginia,24141,37.1354593,-80.5530795,"acrylic paint, canvas",paintings (visual works),,1976,hotels (public accommodations),"Highlander Hotel, Radford University Permanent Collection"
6ca17c2e-1af9-4904-bd33-62556c3179ae,A Magic Carpet Ride,Dorothy Gillespie,604 Tyler Ave,Radford,Virginia,24141,37.1354593,-80.5530795,"acrylic paint, canvas",paintings (visual works),,1977,hotels (public accommodations),"Highlander Hotel, Radford University Permanent Collection"
dddb36c1-a076-441b-a759-1eecb5119e47,Untitled,Dorothy Gillespie,604 Tyler Ave,Radford,Virginia,24141,37.1354593,-80.5530795,"oil paint (pigmented coating), canvas",paintings (visual works),,1959,hotels (public accommodations),"Highlander Hotel, Radford University Permanent Collection"
450707e1-4721-46ca-bedb-9275b7be6d03,Journey Series : Exploration,Dorothy Gillespie,604 Tyler Ave,Radford,Virginia,24141,37.1354593,-80.5530795,"acrylic paint, canvas",paintings (visual works),portraits,1976,hotels (public accommodations),"Highlander Hotel, Radford University Permanent Collection"
ea15c322-945d-434f-a38c-208d0ef253e7,Unknown,Dorothy Gillespie,604 Tyler Ave,Radford,Virginia,24141,37.1354593,-80.5530795,"watercolor (paint), markers (drawing instruments)",paintings (visual works),,No data,hotels (public accommodations),"Highlander Hotel, Radford University Permanent Collection"
afa7ac6e-7f10-434f-8ac4-fdbfd1e3633b,Dorothy Gillespie,Dorothy Gillespie,604 Tyler Ave,Radford,Virginia,24141,37.1354593,-80.5530795,photographic materials,"photographs, black-and-white prints (photographs)",portraits,1996,hotels (public accommodations),"Highlander Hotel, Radford University Permanent Collection"
1a4f509e-41ab-4f0a-9a59-7cd795e28a87,Journey Series : Solitude,Dorothy Gillespie,604 Tyler Ave,Radford,Virginia,24141,37.1354593,-80.5530795,"acrylic paint, canvas",paintings (visual works),,1976,hotels (public accommodations),"Highlander Hotel, Radford University Permanent Collection"
806bce12-06d9-457c-9827-6bdd066a2ac8,Return Series : Iran,Dorothy Gillespie,604 Tyler Ave,Radford,Virginia,24141,37.1354593,-80.5530795,"acrylic paint, canvas",paintings (visual works),portraits,1977,hotels (public accommodations),"Highlander Hotel, Radford University Permanent Collection"
a149b7d1-5c03-4f4f-ba24-dc51ef0f74b9,Untitled,Dorothy Gillespie,604 Tyler Ave,Radford,Virginia,24141,37.1354593,-80.5530795,"oil paint (pigmented coating), Masonite (TM)",paintings (visual works),,No data,hotels (public accommodations),"Highlander Hotel, Radford University Permanent Collection"
324f8198-0c4e-4021-88e3-ab8db7425517,Freedom to Fly,Dorothy Gillespie,2900 Lamb Cir,Christiansburg,Virginia,24073,37.088623633265144,-80.50598285793176,"aluminum (metal), enamel (fused coating)",wall pieces,abstract (general art genre),1990,hospitals,Dorothy M. Gillespie Foundation
a5c3f1c4-997b-4fed-a797-25f9cb1d9880,Glimmers of Hope,Dorothy Gillespie,600 Unruh Drive,Radford,Virginia,24141,37.132505256450095,-80.58042755909584,"aluminum (metal), gold (metal)","sculpture (visual work), outdoor sculpture",,1995,parks (grounds),Radford Heritage Foundation
6a166e32-98f6-403c-9303-fcef875fbbed,Draper Mercantile Mural,Andrew Williams,3054 Greenbriar Rd.,"Draper, VA",Virginia,24324,37.001241,-80.742254,acrylic,mural paintings (visual works),,2016,commercial buildings,Draper Mercantile and Trading Co.
beec7f99-c465-4689-8898-f574a4528d7e,Bravo,John Raimondi,410 Westhampton Way,Richmond,Virginia,23173,37.57537945894546,-77.54073605922645,bronze (metal),"bronzes (sculptures), sculpture (visual work)",,1992,universities and colleges,University of Richmond
3b03278a-b162-4eac-b226-bdec10f4b97a,Cuboctahedron,Samuel Ezra Fisch,200 Lafayette Blvd,Fredericksburg,Virginia,22401,38.2984265,-77.4591977,"plastic (organic material), steel (alloy)",sculpture (visual work),,2019,plazas,Fredericksburg Arts Commission
e65618de-6907-4e0b-96d0-8c128aaed1ed,Wing Generator,Richard Hunt,E Federal St,Middleburg,Virginia,20117,38.96875354241805,-77.73296737375654,"bronze (metal), cast bronze",outdoor sculpture,abstract (general art genre),1981,public spaces,Richard Hunt Public Art Collection
911ed352-c522-4534-8264-1a02d74f0bf5,Butterfly Installation,Nancy Blum,1812 W Main St,Richmond,Virginia,23220,37.54852,-77.46391,"paint, clay",installations (visual works),,2005,art centers,Visual Arts Center of Richmond
35c208df-d14c-4fc5-b04b-f4cc25289b4c,Hanging Butterflies,Nancy Blum,325 North Harrison Street,Richmond,Virginia,23284,37.54929,-77.454219,"enamel (fused coating), paper (fiber product), resin (organic material), metal",installations (visual works),,2007,universities and colleges,Virginia Commonwealth University
dbc0366f-ed2b-4137-8135-bb22ba3e982d,Fallen Soldier Donor Memorial,Ann Walsh,700 N 4th St,Richmond,Virginia,23219,37.5476971,-77.4371872,bronze (metal),"commemorative sculpture, bronzes (sculptures)",,2016,public spaces,United Network for Organ Sharing
81ab33e9-99a3-400e-a186-0f4b9478306f,Profound Feelings of Disquiet,James Long,101 N 5th St,Richmond,Virginia,23219,37.54144,-77.438627,"lighting device components, water","installations (visual works), interactive art, participatory art",,2009,hotels (public accommodations),1708 Gallery InLight Richmond
81d0ca0a-e196-4888-9b15-abbdae0c111f,Stuart's Raiders at the Swollen Ford,Jared French,1000 E. Main Street,Richmond,Virginia,23219,37.537414,-77.434945,"oil paint (pigmented coating), tempera, canvas","paintings (visual works), oil paintings (visual works)",,1939,libraries (buildings),US General Services Administration
8d58783f-b905-4922-8a2d-7eea86162b7a,Quilt Fiddle,Mary Ruden,115 East Grayson Street,Galax,Virginia,24333,36.66196,-80.924432,fiberglass,sculpture (visual work),,2013,sidewalks,"City of Galax, VA"
44abb886-e1b4-4279-bb3d-588b0e9ebbeb,The Game of Flyers,Alice Aycock,1 Saarinen Cir,Dulles,Virginia,20166,38.953534,-77.444283,"aluminum (metal), optical fiber, LEDs, neon","sculpture (visual work), light art",,2012,airports,Metropolitan Washington Airports Authority
72ff8f0d-1105-414d-8993-d4e93a2e7be2,Pendulum Project,Mikyoung Kim,1 Saarinen Cir,Dulles,Virginia,20166,38.953534,-77.444283,"resin (organic material), electronic image components",outdoor sculpture,,2012,airports,Metropolitan Washington Airports Authority
d53763fc-bf19-495a-b363-1bb3dc188c81,Threshold,Brad J. Goldberg,"13747-A Sunrise Valley Dr,",Herndon,Virginia,20171,38.960446545272774,-77.41720155910903,granite (rock),"sculpture (visual work), outdoor sculpture",,2020,light rail transit,Washington Metropolitan Area Transit Authority
8d668b0a-e5db-46fb-954e-d7993d403c30,Thoreau's Ensemble,Ben Volta,Colts Neck Road Underpass,Reston,Virginia,20191,38.9367978,-77.3636467,"pigment, acrylic paint, cloth, composite material",installations (visual works),,No data,underpasses,"Reston, VA"
a3ba937b-6b4d-4f31-9a4d-0d449e9f065c,Emerge,Valerie Theberge,State Rte 4721 & Colts Neck Rd,Reston,Virginia,20190,38.934444,-77.361111,"glass (material), mosaic glass, stained glass (material)","murals (any medium), mosaics (visual works)",,2010,underpasses,"Reston, VA"
181201b4-2e48-4503-8127-3400b38932b9,Return,Ralph Helmick,West Randolph Road Gateway,Hopewell,Virginia,23860,37.309439,-77.29544,"stainless steel, silver (metal), LEDs","outdoor sculpture, sculpture (visual work)",,2018,roadsides,"City of Hopewell, VA"
b14f4960-793e-4575-b013-ba12322d0443,Horseshoes,David Showalter,Steeplechase Dr & Triplecrown Road,Reston,Virginia,20191,38.92491,-77.352008,"steel (alloy), powder coating",outdoor sculpture,,2018,parks (recreation areas),"Reston, VA"
4c5c02e1-ac43-4b1b-b040-715f99af81bc,Harmony Ridge,Robert Lobe,12201 Sunrise Valley Drive,Reston,Virginia,20190,38.949758,-77.366317,"aluminum (metal), steel (alloy), concrete",outdoor sculpture,,1996,government office buildings,USGS Headquarters
4506341a-d995-421a-b9fc-1f74c5f0506b,Wakan,Richard Lew,Reston Town Center,Reston,Virginia,20190,38.958889,-77.364722,"limestone, copper (metal), bronze (metal)",outdoor sculpture,,2007,roadsides,"Reston, VA"
8073f109-bcbc-4845-b448-3f49958846e0,Pileated Woodpecker,Dana Ann Scheurer,11450 Glade Drive,Reston,Virginia,20191,38.926575,-77.341985,"steel (alloy), powder coating",outdoor sculpture,,2018,parks (recreation areas),"Reston, VA"
ed015e95-91f0-4a96-bb47-a4eb4f22b1e2,Bridge - Untitled,David Robinson/Natural Edge,11450 Glade Drive,Reston,Virginia,20191,38.925662,-77.340834,cedar,"architecture (object genre), bridges (built works)",,2002,recreation areas,"Reston, VA"
0849c395-13f2-49ef-ae6a-9d9bfb3a91cd,Memorial Sun Dial,,11450 Glade Drive,Reston,Virginia,20191,38.925665,-77.340786,"stone (rock), stainless steel",sculpture (visual work),,1998,recreation areas,"Reston, VA"
e7a292c9-dd9b-4d16-904d-644c5e8fd3d3,Vascular Form III,Foon Sham,12001 Market Street,Reston,Virginia,20190,38.958764,-77.362339,wood (plant material),sculpture (visual work),,2007,art centers,"Reston, VA"
7f792c5b-e74e-497b-b845-b5e6ffd3de2f,Sleeping Tree,Shinji Turner-Yamamoto,12001 Market Street,Reston,Virginia,20190,38.958764,-77.362339,organic material,environmental art,,2008,art centers,"Reston, VA"
1f86a750-c80a-42ee-b761-7580a09c2578,A Bird in the Hand,Patrick Dougherty,11900 Market St,Reston,Virginia,20190,38.958611,-77.361389,wood (plant material),installations (visual works),,2015,parks (grounds),"Reston, VA"
de21bd06-6c1f-49f6-8f55-3f66cd33b367,gaps Exhibition,Mike Shaffer,12001 Market Street,Reston,Virginia,20190,38.958611,-77.361389,"acrylic, wood (plant material)","sculpture (visual work), commemorative sculpture",,2009,parks (recreation areas),"Reston, VA"
5a47bbe8-8eff-436b-bf89-af66eb2897e6,Iris,Daniel Goldstein,11990 Market Street,Reston,Virginia,20190,38.958611,-77.361389,stainless steel,outdoor sculpture,,2006,parks (recreation areas),"Reston, VA"
8d8acba0-e0d3-49dc-a0d6-aa41a7c3db81,Basket of Flowers,Stephen Robin,12025 Town Square Street,Reston,Virginia,20190,38.958227,-77.361073,aluminum (metal),sculpture (visual work),,2014,housing complexes,"Reston, VA"
d2cd1d22-9bd5-4a8b-8b02-7507bdecbdc5,Fidelity of Form,Dennis Heimbach,Town Square Street,Reston,Virginia,20190,38.958333,-77.360833,stainless steel,sculpture (visual work),,2005,parks (grounds),"Reston, VA"
de9d0877-8da0-4187-8157-6e99ecf007c9,Mosaic Birdbath,Shahin Talishkhan,11411 Ridge Heights Rd,Reston,Virginia,20191,38.9363932,-77.3453923,"mosaic glass, polystyrene",sculpture (visual work),,2019,schools (buildings),"Reston, VA"
ede74ecd-c940-480d-9c97-58ccd38275e5,Embry Rucker Community Shelter Project,Anita Bucsay Damron,11975 Bowman Towne Dr,Reston,Virginia,20190,38.961585,-77.3620977,"stained glass (material), crystal (lead glass), wood (plant material), glitter, tile, glass (material)",mosaics (visual works),,2013,community centers,Cornerstones
4dfbfdf7-767a-4fc1-8ccc-d70b281beb50,Midtown Community Mural,Dana Ann Scheurer,12025 New Dominion Parkway,Reston,Virginia,20190,38.960556,-77.361111,"paint, concrete",mural paintings (visual works),,2013,exterior walls,"Reston, VA"
559c080d-1de2-4111-b417-bc8b3a33d2df,Simon,DeWitt Godfrey,11710 Paysons Way,Reston,Virginia,20191,38.9489002,-77.3520838,Cor-Ten steel (TM),outdoor sculpture,,2020,hotels (public accommodations),"Reston, VA"
91b94710-2ccd-41a6-8652-2e33fb266edd,Cadmiosaur,John Parker,11400 South Lakes Drive,Reston,Virginia,20190,38.931208,-77.339102,steel (alloy),sculpture (visual work),,1990,schools (buildings),"Reston, VA"
c745b77c-272b-4fee-aa03-148afe7bd1af,Portal Seats of Memory,Marco Rando,Roland Park Place and Sunrise Valley Drive,Reston,Virginia,20191,38.948249,-77.350133,concrete,"benches (furniture), outdoor sculpture",,2017,roadsides,"Reston, VA"
c300c860-1553-46e1-8215-551a4206de6e,Mercury Fountain,Saint Clair Cemin,11900-11908 Market Street,Reston,Virginia,20190,38.958611,-77.356944,"marble (rock), bronze (metal)","fountain (water feature), sculpture (visual work)",,1990,plazas,"Reston, VA"
1bd13edf-88c7-4077-8cba-a59d73b670eb,Book of Love,Anne Nagy,11925 Bowman Towne Drive,Reston,Virginia,20190,38.961836,-77.359022,"paint, resin (organic material)",sculpture (visual work),,2008,libraries (buildings),"Reston, VA"
beb57170-c9f0-4369-9d09-ab55b406bd0a,Mutual Understanding/Mutual Respect,m.l. duffy,1801 Cameron Glen Dr,Reston,Virginia,20190,38.963524,-77.36006,stainless steel,outdoor sculpture,,2016,government office buildings,"Reston, VA"
1e3f461f-3b75-4333-8e06-5f3c1c9df966,Nokomis,Danny Lane,,Reston,Virginia,20190,38.959064,-77.3556588,"glass (material), stone (rock), stainless steel",sculpture (visual work),,No data,parks (recreation areas),"Reston, VA"
16efb89e-e1ab-4bbe-9f43-ca0e662eddac,Reston Rondo,Mary Ann Mears,Hyatt Park,Reston,Virginia,20190,38.95828712136817,-77.3551047661234,"aluminum (metal), paver",sculpture (visual work),,2014,parks (grounds),"Reston, VA"
92e437b0-6d25-4618-9ade-8d9ce0a4f83b,Continuum,Valerie Theberge,Wethersfield and Sunrise Valley Drive,Reston,Virginia,20191,38.945179,-77.343183,"glass (material), mirror, mortar (filler), grout, polystyrene, fiberglass","architecture (object genre), benches (furniture)",,2020,roadsides,"Reston, VA"
96dda091-f56a-4472-994a-bc349dde5c72,Nothing Twice,South Lakes High School STEAM Team,Lake Thoreau,Reston,Virginia,20191,38.93668,-77.331744,"steel (alloy), vinyl, film (material), wire",outdoor sculpture,,No data,public spaces,"Reston, VA"
e400ee36-a4ee-4e76-b194-b6410ce9f833,Pyramid of Light,South Lakes High School STEAM Team,S Lakes Dr,Reston,Virginia,20190,38.936374,-77.331169,"wood (plant material), Plexiglas (TM), panelboards, paint","sculpture (visual work), temporary",,2014,waterways,"Reston, VA"
c9b5445b-72cd-4438-aee6-cd7477cebc23,Convergence,Zachary Oxman,11410 Reston Station Blvd,Reston,Virginia,20190,38.949771,-77.339651,"stainless steel, bronze (metal)","sculpture (visual work), outdoor sculpture",,2017,plazas,"Reston, VA"
db301aad-4f00-43b1-bff5-b5aed81eb008,The Force of Nature,Lorenzo Quinn,"Reston Station Plaza, north side",Reston,Virginia,20190,38.9484183,-77.3370735,"bronze (metal), stainless steel",outdoor sculpture,,2018,plazas,"Reston, VA"
6325ad67-25ac-4491-a989-d5e8a36e5923,Pylon,Gonzalo Fonseca,11404 Washington Plaza W,Reston,Virginia,20190,38.967778,-77.343333,concrete,sculpture (visual work),,1965,housing complexes,"Reston, VA"
033096c9-69b4-408e-886b-d99ad23198c3,The Underpass,Gonzalo Fonseca,11404 Washington Plaza W,Reston,Virginia,20190,38.967778,-77.343333,concrete,architecture (object genre),,1965,housing complexes,"Reston, VA"
aea20981-108e-495a-9a9e-f35bd9906424,Restosauria,John Parker,11601 Lake Newport Road,Reston,Virginia,20190,38.976614,-77.348306,steel (alloy),sculpture (visual work),,1991,pools,"Reston, VA"
874341ed-a0e6-43dc-88e5-0e3382a0731c,The Pulpit,,11404 Washington Plaza W,Reston,Virginia,20190,38.968149,-77.341443,concrete,"sculpture (visual work), architecture (object genre)",,1965,housing complexes,"Reston, VA"
f6f7ef0c-7bbb-43d8-b6a5-2ddb12508331,The Pyramid,,11404 Washington Plaza W,Reston,Virginia,20190,38.968149,-77.341443,concrete,sculpture (visual work),,1965,housing complexes,"Reston, VA"
2985640f-9e54-4e2c-9435-9ab5c10d96b4,Out of Place,Ronit Eisenbach,11404 Washington Plaza W,Reston,Virginia,20910,38.968149,-77.341443,"fiberglass, resin (organic material), solar cells, LEDs","sculpture (visual work), performance art",,2012,public spaces,"Reston, VA"
5759ec99-9f1a-41ab-b8d5-c256101d45ad,Plaza Fountain,,11404 Washington Plaza W,Reston,Virginia,20190,38.968149,-77.341443,concrete,fountain (water feature),,1965,housing complexes,"Reston, VA"
31ea66e7-1a4c-4907-b637-02692c663355,The Lookout Tower,,11404 Washington Plaza W,Reston,Virginia,20190,38.968149,-77.341443,concrete,architecture (object genre),,1996,housing complexes,"Reston, VA"
b656e834-bc8e-4d40-9472-32d268bfc804,The Sun Boat,Gonzalo Fonseca,11404 Washington Plaza W,Reston,Virginia,20190,38.968149,-77.341443,concrete,sculpture (visual work),,1965,housing complexes,"Reston, VA"
54758f66-8231-4aa3-b91b-a16e8391b48c,Wooden Horse,Marco Rando,11437 Washington Plaza W,Reston,Virginia,20191,38.96756,-77.341002,wood (plant material),sculpture (visual work),,2016,plazas,"Reston, VA"
a3a23b51-6ae8-4549-ad84-ed3ffe16beb6,Van Gogh Bridge,"William Roehl, Associate Partner Conklin & Rossant",11404 Washington Plaza W,Reston,Virginia,20190,38.967778,-77.340833,wood (plant material),"architecture (object genre), bridges (built works)",,1965,housing complexes,"Reston, VA"
a8f6a263-1dc0-4a6e-b92b-b5a7cf2a3dbb,Before I Die Project,Candy Chang,11404 Washington Plaza W,Reston,Virginia,20190,38.96813,-77.3409721,"paint, wood (plant material), chalk",installations (visual works),,2014,public spaces,"Reston, VA"
1e4ac3d4-bbe8-4509-8296-0792551daba3,Mosaic Birdhouse Poles,Shahin Talishkhan,10824 Cross School Rd,Reston,Virginia,20191,38.9403943,-77.322516,"mosaic glass, wood (plant material)",sculpture (visual work),,2019,schools (buildings),"Reston, VA"
157c0601-e8f8-4a4c-b327-d2ba5474da90,"We Make Reston, an INSIDE OUT Project by JR",Reston community,1609 Washington Plaza N,Reston,Virginia,20190,38.968619,-77.34087,photographic materials,photographs,,2015,public spaces,"Reston, VA"
f61f2cbe-77bd-476e-9d63-8d654c64da9c,Untold Stories,Zachary Oxman,11404 Washington Plaza W,Reston,Virginia,20190,38.968611,-77.340833,bronze (metal),outdoor sculpture,,2004,plazas,"Reston, VA"
48ff7a52-a773-42c8-8cc8-ddf02855fd2c,"Duck, Duck, Goose",Penny Hauffe,11300 Baron Cameron Ave,Reston,Virginia,20190,38.9719831,-77.3429877,"steel (alloy), powder coating",outdoor sculpture,,2018,parks (recreation areas),"Reston, VA"
b267cf82-dda7-4cf3-bd17-a689375b64f9,Untitled,Olin Russum,Moorings Drive Underpass,Reston,Virginia,20190,38.969527,-77.338593,ceramic tile,mosaics (visual works),,1967,underpasses,"Reston, VA"
88f48546-6f16-46fc-9129-ea3c766b7c08,Receptor,Cliff Garten,7770 Backlick Rd,Springfield,Virginia,22150,38.746656,-77.187232,"bronze (metal), stainless steel, concrete, plant material, LEDs",sculpture (visual work),,2013,plazas,Corporate Office Property Trust (COPT)
0584c0fb-5aac-4f4a-beaa-01e4d64b7af1,Transition,Larry Morris,5760 Dow Ave,Alexandria,Virginia,22304,38.80454501889261,-77.13366464992036,,outdoor sculpture,,2014,housing complexes,City of Alexandria
236516e0-a082-4bd1-8f47-fcd35be2e5b4,Time Travel - West End Alexandria,Len Garon,5712 Edsall Road,Alexandria,Virginia,22304,38.807530825843386,-77.13071106882826,,mural paintings (visual works),,2017,exterior walls,City of Alexandria
5bfa0114-4105-44cf-be79-97a42b376d6b,Ian Cage Beauregard Street Traffic Control Boxes,Ian M. Cage,N. Beauregard Street and Quantrell Avenue,Alexandria,Virginia,22312,38.82117792699271,-77.13663920737632,,utility box wraps,,2016,intersections,City of Alexandria
33abf31d-3476-4ea2-a630-ddda1abd6ff2,Untitled Installation,Dan Steinhilber,5555 Cardinal Place,Alexandria,Virginia,22304,38.807560853121764,-77.12745956127905,"paint, metal, plastic (organic material)","wall pieces, sculpture (visual work)",,2020,housing complexes,City of Alexandria
ac083906-34e6-4f1f-b5cc-141cfd902779,Wildlife of the Dora Kelley Nature Park,Mary Ann Warner,5700 Sanger Avenue,Alexandria,Virginia,22311,38.826988,-77.131829,"oil paint (pigmented coating), acrylic paint, canvas",oil paintings (visual works),,1980,nature centers,City of Alexandria
cf9ccb74-fde9-4e73-8e65-bb27e2de9998,Up and Down,Graham Caldwell,2200 North Westmoreland Street,Arlington,Virginia,22213,38.8864313,-77.1627288,concrete,sculpture (visual work),,2006,intersections,Arlington County
28a0b68e-53c5-4c86-a3e0-2411b8466b1c,Palliparambil Duke Street Traffic Control Boxes,"Anthony 'Ashwin' Palliparambil, Jr.",Duke Street and N. Jordan Street,Alexandria,Virginia,22304,38.81220707250138,-77.10940021357908,,utility box wraps,,2015,intersections,City of Alexandria
54862ba0-d581-4b38-8d2f-c9517b52eb6a,Spheres,Christopher Williams,2000 N Beauregard St,Alexandria,Virginia,22311,38.83405245537957,-77.11954776372578,steel (alloy),outdoor sculpture,,2022,housing complexes,City of Alexandria
cfdaa4d0-41f8-430f-b35a-de2ca3bdc0fe,Doppler,Heidi Lippman,#1,Alexandria,Virginia,22311,38.831520088557745,-77.11744813657266,,mosaics (visual works),,2012,transportation spaces,City of Alexandria
056720e7-6ea1-43a5-8ac5-d430eded8b90,Seating Nest,Colin Selig,2000 N Beauregard St,Alexandria,Virginia,22311,38.83418826287164,-77.11875382987269,steel (alloy),outdoor sculpture,,2021,courtyards,City of Alexandria
16e539b0-55fc-4add-a2fe-d464a1f21d24,Cultivus Loci: Suckahanna,Jann Rosen-Queralt,6020 Wilson Boulevard,Arlington,Virginia,22205,38.872908,-77.139356,"Cor-Ten steel (TM), copper (metal), concrete","environmental art, sculpture (visual work), outdoor sculpture",,2004,parks (grounds),Arlington County
0de7cea8-c7c9-4e01-9f72-ccfe74d32db5,Jennifer Brewer Stone Seminary Road Traffic Control Boxes,Jennifer Brewer Stone,Seminary Road and Dawes Avenue,Alexandria,Virginia,22311,38.83962006490479,-77.12089421920649,,utility box wraps,,2016,intersections,City of Alexandria
e57dd171-9fb3-47e2-b176-2cef6ff7e6f0,Granite Acroterion,Unknown,1644 N. McKinley Rd.,Arlington,Virginia,22205,38.88595477,-77.14200034,granite (rock),"carvings (visual works), sculpture (visual work), architecture (object genre)",,1926,libraries (buildings),Arlington County
a22c7304-5b0d-4819-bc71-4557addc6b87,Sound Stream,David Hess,4001 Eisenhower Avenue,Alexandria,Virginia,22314,38.805404,-77.099052,,sculpture (visual work),,No data,waterways,City of Alexandria
7be4e5a6-314d-48a4-bf4a-7e8d8bf09cf2,Named Stones,Jim Mahoney,601 North Manchester Street,Arlington,Virginia,22203,38.8695015,-77.1323061,rock,sculpture (visual work),,1989,parks (grounds),Arlington County
590ac705-8827-419f-ad63-5468b94ff5e6,Confluent Threads,Project One Studio,4701 Seminary Road,Alexandria,Virginia,22304,38.827700307872874,-77.11005783558241,"aluminum (metal), composite material, paint","installations (visual works), architecture (object genre)",,2021,libraries (buildings),City of Alexandria
f3ad669e-a561-4294-b0c9-88df13e6ca7a,Untitled (Westover Library),Louis Comfort Tiffany,1644 N. McKinley Rd.,Arlington,Virginia,22205,38.887149,-77.141539,stained glass (material),"stained glass (visual works), windows",,No data,libraries (buildings),Arlington County
511c5a0b-a8f6-4032-9407-879a4dbd77e9,Untitled (Bon Air Rose),Judy Stone,850 North Lexington St,Arlington,Virginia,22205,38.87619617075138,-77.13352051760825,mosaic components,sculpture (visual work),,2002,parks (grounds),Arlington County
e1e9ac79-f9ec-4871-9ea8-4eb1149b3813,The Pike,Donald Lipski,Columbia Pike & S Jefferson Street,Columbia Pike,Virginia,22204,38.853473529285516,-77.1203713887737,"multimedia (artists' materials), concrete, steel (alloy)","sculpture (visual work), outdoor sculpture",,2022,"public spaces, intersections",Arlington County
8cf09631-2f6f-4e67-bbc9-0a48c2fe6ae4,Alison Sigethy Beauregard Street Traffic Control Boxes,Alison Sigethy,N. Beauregard Street and W Braddock Road,Alexandria,Virginia,22311,38.83921827985799,-77.11111100734016,,utility box wraps,,2016,intersections,City of Alexandria
f9018b4c-b617-451b-835d-6976d8183791,Angels of the Americas,Be Gardner,3601 Eisenhower Avenue,Alexandria,Virginia,22304,38.804154,-77.092706,marble (rock),sculpture (visual work),,No data,"roadsides, roadsides",City of Alexandria
6b1b30ba-3ab6-408d-8c83-724e38e421ad,A Certain Slant of Light,Spencer Finch,5300 Columbia Pike,Columbia Pike,Virginia,22204,38.85413071622921,-77.11662739994004,"ink, paper (fiber product)",architecture (object genre),,2023,bus shelters,Arlington County
5db30098-bf7f-4c1c-a340-b08d9a52b1b0,Last Summer,Alma Selimovic,3445 Berkeley Street,Alexandria,Virginia,22302,38.84059429276816,-77.10828429447773,,sculpture (visual work),,2019,housing complexes,City of Alexandria
e405dc1e-8f5f-4adf-acf7-692c4e31a2d8,The Event,David Smedley,3445 Berkeley Street,Alexandria,Virginia,22302,38.84059429276816,-77.10828429447773,mosaic glass,mosaics (visual works),,No data,housing complexes,City of Alexandria
55d9bf88-e30b-4ddb-9a45-bf2af2e712af,EnPointe,Harry McDaniel,3445 Berkeley Street,Alexandria,Virginia,22302,38.84059429276816,-77.10828429447773,"aluminum (metal), stainless steel","sculpture (visual work), kinetic (style)",,2019,housing complexes,City of Alexandria
4207bb94-8e72-498c-b42d-b0f035525b55,Erin Curtis Duke Street Traffic Control Boxes,Erin Curtis,Intersection of Duke Street and Quaker Lane,Alexandria,Virginia,22314,38.808627088328194,-77.08851695353233,,utility box wraps,,2015,,City of Alexandria
b3452506-5f30-4c9c-90ef-4d7d987f83c1,"Etched Glass Bus Shelter (VA Hospital Center, 2)",Preston Sampson,1635 N. George Mason Drive,Arlington,Virginia,22205,38.889,-77.1282,glass (material),windows,,2003,bus shelters,Arlington County
bcee2187-79fd-4556-afa1-f1058150e24a,Totems,Mark Schwenk,2827 Telek Place,Alexandria,Virginia,22314,38.804236,-77.08208,metal,outdoor sculpture,,2018,commercial complexes,City of Alexandria
f16d485d-0581-4b58-8086-d332c7fadab4,Gates,Mark Schwenk,2827 Telek Place,Alexandria,Virginia,22314,38.804236,-77.08208,"paint, steel (alloy)",outdoor sculpture,,2018,commercial complexes,City of Alexandria
089c46af-6506-4693-a429-ec61333ccab6,Arches,Mark Schwenk,2827 Telek Place,Alexandria,Virginia,22314,38.804236,-77.08208,"paint, steel (alloy)",outdoor sculpture,,2018,commercial complexes,City of Alexandria
5efc8f53-1f0a-4269-b716-bb4d01b3f554,Memory Bricks,Winnie Owens-Hart,4998 Lee Highway,Arlington,Virginia,22207,38.89619841,-77.12854519,terracotta (clay products),"environmental art, floors (surface elements)",,2004,walkways,Arlington County
e3733eb0-8234-47bb-b201-bb5028ee2053,The Family,Winnie Owens-Hart,4998 Lee Highway,Arlington,Virginia,22207,38.89621511,-77.12840571,"powder coating, steel (alloy)","sculpture (visual work), commemorative sculpture",,2004,walkways,Arlington County
cb8e1339-37ea-48a8-ac3f-c3b41d04b5f4,Underhill and Foster Duke Street Traffic Control Boxes,Pamela Underhill,Duke Street and Roth Street,Alexandria,Virginia,22314,38.8072110355675,-77.08113437660658,,utility box wraps,,2015,intersections,City of Alexandria
a7c756c8-e1fd-47b6-b1c7-cd23035180fe,Blueprint for Peace,Nicole Bourgea,3624 King St,Alexandria,Virginia,22302,38.827845398496486,-77.0910084661873,,mural paintings (visual works),,2024,shopping centers,City of Alexandria
ae6d850e-9dfd-4082-9513-abada35d4370,Untitled (Barcroft Park Bicycle Kiosk),Butch Anthony,4200 S. Four Mile Run Drive,Arlington,Virginia,22204,38.85052357,-77.10210262,"steel (alloy), wire, metal",sculpture (visual work),,2008,parks (grounds),Arlington County
2c142e5f-20a1-4e00-a82b-c4643f379cb0,Halls Hill,Roderick Turner,2121 N. Culpepper Street,Arlington,Virginia,22207,38.89626475,-77.12652576,paint,mural paintings (visual works),,1992,exterior walls,Arlington County
055773ed-bf1a-44ca-92a6-f05b81376655,Flame,Ray King,950 North Glebe Road,Arlington,Virginia,22203,38.88186321,-77.11602243,"glass (material), stainless steel, film (material)",sculpture (visual work),,2006,sidewalks,Arlington County
330034e6-6667-4054-862c-732295cc47b2,Arlington Gateway,Jackie Ferrara,901 North Glebe Road,Arlington,Virginia,22203,38.88102074,-77.1146943,"paver, slate (rock), brick, granite (rock), steel (alloy), water, earth, plant material","sculpture (visual work), floors (surface elements)",,2004,plazas,Arlington County
43bcaef7-d378-4118-b119-3a9e3265cada,Acanthus,Lisa Scheer,750 N Glebe Rd,Ballston,Virginia,22203,38.87953141291093,-77.11380284644349,"bronze (metal), patina","sculpture (visual work), outdoor sculpture",,2020,"public spaces, entrance spaces",Arlington County
4b9fdd46-adbe-428a-8bcb-5fa542fa7b89,Phantom Formwork,ThoughtBarn (Lucy Begg and Robert Gay),950 S George Mason Dr,Langston-Brown,Virginia,22204,38.85892474339099,-77.10261655809214,"steel (alloy), powder coating","sculpture (visual work), architecture (object genre)",,2020,plazas,Arlington County
bd41af7d-24ef-4ab4-93de-aba2d445d26d,Bud/Blossom,Wendy M. Ross,4300 Wilson Boulevard,Arlington,Virginia,22203,38.87975096,-77.1129065,stainless steel,sculpture (visual work),,2003,entrance spaces,Arlington County
fc9beb32-0ff7-460d-a930-5c3c7f51e1a2,St. Elmo's Fairlington Mural,Kris Price,1536 Kenwood Ave,Alexandria,Virginia,22302,38.829495344288596,-77.08468142323737,,mural paintings (visual works),,2022,exterior walls,City of Alexandria
bd5bb5d8-d6f3-467f-9a58-df07b8638374,Untitled (Skylight),Louis Comfort Tiffany,3308 S. Stafford Street,Arlington,Virginia,22206,38.8344575,-77.0871057,"skylights, stained glass (material)","stained glass (visual works), windows",,1930,community centers,Arlington County
31cf723b-9a37-441e-9aff-22729dc48906,Ballston Quarter Pedestrian Bridge,studioTECHNE|architects,4238 Wilson Blvd,Arlington,Virginia,22203,38.87906022252389,-77.11066094459714,"steel (alloy), aluminum (metal), glass (material), zinc, concrete","bridges (built works), sculpture (visual work)",,2019,bridges (built works),Arlington County
ffd3f9d1-c623-41ca-b93a-0d8635612e21,Festival Bridge,Julio Teich,4238 Wilson Boulevard,Arlington,Virginia,22203,38.87993,-77.111,"paint, aluminum (metal), glass (material), ceramic tile","mosaics (visual works), architecture (object genre), bridges (built works)",,1996,bridges (built works),Arlington County
d42ebd8f-b32f-4e9f-899b-205b8b5c8ace,Flow,Erwin Redl,4200 Campbell Avenue,Arlington,Virginia,22206,38.84095579,-77.09010535,LEDs,light art,,2006,libraries (buildings),Arlington County
c3281029-4414-4dd2-839b-be6c7ce9a8c8,Down Stream,Martha Jackson-Jarvis,4200 Campbell Avenue,Arlington,Virginia,22206,38.84103935,-77.09003025,"ceramic (material), glass (material), stone (rock)","mosaics (visual works), fountain (water feature)",,2006,libraries (buildings),Arlington County
47f9a905-8103-4d7e-af09-1d8d129aa727,Untitled (Fairfax Drive),Jerry Clapsaddle,901 N. Stuart Street,Arlington,Virginia,22203,38.8819,-77.1114,paver,"sculpture (visual work), outdoor sculpture, floors (surface elements)",,1996,plazas,Arlington County
580da2f0-af30-4bad-b7ba-d2c4259e8f8c,Transparent Tapestry,Tim Tate,4005 Wilson Boulevard,Arlington,Virginia,22201,38.87995461,-77.10842856,glass (material),installations (visual works),,2007,fences (site elements),Arlington County
428bcf98-f5a1-4032-b853-07a7368ce821,"Etched Glass Bus Shelter (Buckingham, 5)",Preston Sampson,249 N. Glebe Rd.,Arlington,Virginia,22203,38.87381,-77.10497,glass (material),windows,,2003,bus shelters,Arlington County
d829422c-1010-4f27-a098-561071ae2a44,Zulu,Brad Howe,2318 Mill Road,Alexandria,Virginia,22314,38.802437,-77.067758,stainless steel,sculpture (visual work),,2009,roadsides,City of Alexandria
01039141-555c-4c7c-8672-c8ff2425853e,Wheelhouse,Mark Reigelman,3630 27th St S,Green Valley,Virginia,22206,38.843656372090244,-77.08825975993886,"aluminum (metal), stainless steel, wood (plant material)","sculpture (visual work), architecture (object genre)",,2022,parks (grounds),Arlington County
5f3c6d9a-ed12-498c-99da-a51dbfb294bd,Essential Connections,Washington Glass Studio,4000 Fairfax Drive,Arlington,Virginia,22203,38.88229024851134,-77.1080308731941,"glass (material), powder coating, steel (alloy), LEDs",sculpture (visual work),,2021,housing complexes,Jefferson Apartment Group
c1f4748b-cc58-4aac-84e1-7044a97c8f46,We the People,Brad Morton,2727 South Quincy Street,Arlington,Virginia,22206,38.842212,-77.086082,bronze (metal),sculpture (visual work),,2006,intersections,Arlington County
add5fd95-27d2-42e4-b103-369b05705bc7,Justice Delayed Justice Denied,Raymond Kaskey,401 Courthouse Square,Alexandria,Virginia,22314,38.8026292,-77.0658933,bronze (metal),sculpture (visual work),,1994,courthouses,City of Alexandria
95247f15-9714-4744-a1e9-eb86219dde4a,Eternal Truths,Lisa Fedon,1015 North Quincy Street,Arlington,Virginia,22201,38.883859,-77.107528,"bronze (metal), brick","sculpture (visual work), installations (visual works)",,2000,libraries (buildings),Arlington County
6651b61f-6ad1-49f5-9acb-da750f4c018e,Ridge,Foon Sham,3705 Wilson Blvd,Arlington,Virginia,22203,38.88180793780275,-77.10373556206922,wood (plant material),"sculpture (visual work), outdoor sculpture",,2019,"parks (grounds), public spaces, housing complexes",Arlington County
46718f39-a94f-4977-9eec-d846bc2f5a28,Duke Street Tunnel Public Art Project,Mike McConnell,Duke Street Tunnel,Alexandria,Virginia,22314,38.804744412990836,-77.0638563101775,,printed panels,,2018,,City of Alexandria
64e5fa78-4bb9-402e-9550-65464d96ca32,Untitled (VA Square Metro Plaza),David Chung,901 North Nelson Street,Arlington,Virginia,22203,38.88288595,-77.10386596,"steel (alloy), concrete, bronze (metal), terrazzo, paver","sculpture (visual work), fountain (water feature), benches (furniture), floors (surface elements)",,2003,bus stations,Arlington County
0f6afb82-4e9b-4b32-a85a-02287e53f9f5,Etched Glass Bus Shelter (Arlington Heights 1),Preston Sampson,903 S. Glebe Rd.,Arlington,Virginia,22203,38.86173,-77.09194,glass (material),windows,,2002,bus shelters,Arlington County
ab88067d-8e9c-44ce-9f49-c54aa15db41d,Spielschiff,Bonifatius Stirnberg,3550 Wilson Boulevard,Arlington,Virginia,22201,38.88150431,-77.10231537,"bronze (metal), stainless steel",sculpture (visual work),,2007,art centers,Arlington County
a51e844b-5dff-411a-b2a7-e380b47c4ec7,General Dwight D. Eisenhower,Michael Curtis,Eisenhower Avenue and Holland Lane,Alexandria,Virginia,22314,38.800442766689066,-77.06060300132053,"granite (rock), bronze (metal)",sculpture (visual work),,2004,traffic circles,City of Alexandria
d1a31a7a-56d8-43ad-a876-d6a472ab6103,Untitled (Arlington Arts Center),Louis Comfort Tiffany,3550 Wilson Boulevard,Arlington,Virginia,22201,38.88163376,-77.10206324,stained glass (material),"stained glass (visual works), windows",,1930,art centers,Arlington County
43bc56a8-ca59-495b-9059-3ba0e75040b1,"John Robinson, Jr. Town Square",Walter Hood,"24th Rd & S Shirlington Rd , VA 22204",Arlington,Virginia,22204,38.847949731352806,-77.08394690226841,"aluminum (metal), urethane","sculpture (visual work), outdoor sculpture",,2022,parks (grounds),Arlington County
76e2fc15-06f5-4c5e-95c8-c278dd0eaedc,Alexandria War Dead Memorial,Unknown,110 Callahan Drive,Alexandria,Virginia,22301,38.80679,-77.06242,"granite (rock), limestone","commemorative sculpture, outdoor sculpture",,1940,railroad stations,City of Alexandria
db26e6a6-a518-443f-abdf-e047696b70e9,Truths that Rise from the Roots Remembered,Jerome Meadows,500 Holland Lane,Alexandria,Virginia,22314,38.801917,-77.06002,bronze (metal),"outdoor sculpture, sculpture (visual work)",,1994,parks (grounds),City of Alexandria
1f8ebe5d-ee09-40ab-a2c2-2c9617b7ef9c,Rising Relics,Molly Ross,3608 North Military Road,Arlington,Virginia,22207,38.9192634,-77.1211799,"concrete, stone (rock), granite (rock), quartz crystal, rock, steel (alloy)",sculpture (visual work),,2002,nature centers,Arlington County
650aea3b-f08a-4ae9-9d17-2a15399c256d,Edmonson Sisters,Erik Bloome,1701 Duke Street,Alexandria,Virginia,22314,38.804516554468336,-77.05956701945301,bronze (metal),"sculpture (visual work), commemorative sculpture",,2010,plazas,City of Alexandria
c2d2b5f5-1a22-47af-a307-f090037931fb,Etched Glass Bus Shelter (Cherrydale 1),Preston Sampson,3700 Lee Highway,Arlington,Virginia,22207,38.89631,-77.10616,glass (material),windows,,2002,bus shelters,Arlington County
d023b262-e6df-4727-bd18-7c95d53ff110,The Pharmacist,Alexi Alexiev,100 Daingerfield Rd.,Alexandria,Virginia,22314,38.805706,-77.058919,bronze (metal),sculpture (visual work),,2008,sidewalks,City of Alexandria
5c7e40a4-a5ea-4f88-9cc0-af8e0cbaf0de,Acrobat,Christopher Erney,1620 Prince St,Alexandria,Virginia,22314,38.805313,-77.058459,stainless steel,sculpture (visual work),,2015,hotels (public accommodations),City of Alexandria
d46daae8-5814-4c9c-9ae2-e7d35980b233,King Street Gardens Park,Buster Simpson,Diagonal Road and King Street,Alexandria,Virginia,22314,38.806474,-77.058809,"plant material, steel (alloy), brick, bronze (metal)",outdoor sculpture,,1997,"parks (grounds), public gardens",City of Alexandria
e8850d06-1a7e-4318-ad80-9397f5be6893,ballston* substation,Ben Fehrmann,3200 Block of Wilson Blvd.,Arlington,Virginia,22201,38.88481254,-77.09871468,"stainless steel, steel (alloy), wood (plant material)","installations (visual works), metalwork",,2012,fences (site elements),Arlington County
54ad137e-63e3-48bd-8003-d1f4b86353fa,Echo,Richard Deutsch,2503 Columbia Pike,Arlington,Virginia,22204,38.8630892,-77.08585672,granite (rock),"sculpture (visual work), sound sculpture",,2012,plazas,Arlington County
b678e532-eb2a-4e46-89d0-2332e28ceab4,Courage to Live Big,Matt Corrado,1108 Jefferson St,Alexandria,Virginia,22314,38.797492,-77.052584,,mural paintings (visual works),,2016,,City of Alexandria
c507eaba-0dda-45ca-b449-a9eb80d27ba6,"Wrought, Knit, Labors, Legacies",Olalekan Jeyifous,1609 Cameron Street,Alexandria,Virginia,22314,38.807769,-77.057059,aluminum (metal),sculpture (visual work),,2020,pools,City of Alexandria
30099d12-7c0e-4d4a-8523-37cf07f74958,The Path of Thorns and Roses,Mario Chiodo,South Washington and Church Streets,Alexandria,Virginia,22314,38.79443787008459,-77.04971727280102,bronze (metal),sculpture (visual work),,2013,parks (grounds),City of Alexandria
f0eb9695-1822-4871-87e9-784deebe303c,Fibre Space Murals,Laura Spofford,1319 Prince Street,Alexandria,Virginia,22314,38.80498019383209,-77.05452014929217,,mural paintings (visual works),,No data,exterior walls,City of Alexandria
21185a10-64de-46da-9d0e-93f2fe9d4d76,Sacandaga Totem,John Van Alstine,King and South Fayette Streets,Alexandria,Virginia,22314,38.8057678,-77.05464,granite (rock),sculpture (visual work),,2010,parks (grounds),City of Alexandria
287b868f-c228-44ad-a5cc-653826d443d8,"Agricultural and Industrial Scenes, Sketches of Virginia",Auriel Bessmeer,3118 North Washington Boulevard,Arlington,Virginia,22201,38.8858,-77.0955,"oil paint (pigmented coating), canvas",mural paintings (visual works),,1940,post offices,Arlington County
471cda9f-318f-4494-8114-1b8a0bd73fb1,Columns,Jesús Moroles,820 S Columbus Street,Alexandria,Virginia,22314,38.796876,-77.049696,granite (rock),sculpture (visual work),,No data,housing complexes,City of Alexandria
48baf6f3-9f71-4b9e-ac1f-3752500407b8,Telescope,David Hess,820 S Columbus Street,Alexandria,Virginia,22314,38.796876,-77.049696,"steel (alloy), paint, stainless steel, bronze (metal)",sculpture (visual work),,No data,housing complexes,City of Alexandria
06c63f66-df76-4462-8770-c6bec56af089,James Hunter Park Wayfinding,ThoughtBarn (Lucy Begg and Robert Gay),1230 N Hartford St,Arlington,Virginia,22201,38.888496137780315,-77.09638482712471,"steel (alloy), powder coating","sculpture (visual work), signage",,2013,parks (grounds),Arlington County
9c121da7-b313-49ea-bf63-b17ea1e883c9,For Every Run,Katherine Campagna,1301 King Street,Alexandria,Virginia,22314,38.806108260593234,-77.05360436457774,,mural paintings (visual works),,2021,,City of Alexandria
05351757-898d-4409-a3d7-d7ce5e4ed6cc,Wilkes Street Park,Eto Otitigbe,800 (east) and 900 (west) blocks of Wilkes Street between S. Patrick (U.S. Route 1) and S. Columbus Streets,Alexandria,Virginia,22314,38.800888,-77.05097,,"outdoor sculpture, installations (visual works)",,2025,parks (grounds),City of Alexandria
58fa7bca-b09a-4a00-a053-1da0d0d0d6aa,"KiSMET Mural, Love is All You Need",Len Garon,1124 King Street,Alexandria,Virginia,22314,38.805603361554006,-77.05236387843226,,mural paintings (visual works),,2020,,City of Alexandria
eb10c135-8bde-474d-8670-80754affac56,Naga,Lisa Scheer,3020 Clarendon Boulevard,Arlington,Virginia,22201,38.88726365,-77.09413488,bronze (metal),sculpture (visual work),,2010,commercial buildings,Arlington County
9b2e41ca-e986-4442-bf39-58c950d93ba3,Linder Academy Murals,Joanna Kosmides Edwards,601 S. Washington Street,Alexandria,Virginia,22314,38.79929326339243,-77.04845372897458,,mural paintings (visual works),,2021,schools (buildings),City of Alexandria
41b6158f-6216-46aa-bad9-78049d6540dc,As on a Darkling Plain,Wendy M. Ross,2900 Clarendon Boulevard,Arlington,Virginia,22201,38.88770297,-77.09326631,"porcelain, tile, Cor-Ten steel (TM), stainless steel, bronze (metal)",installations (visual works),,2006,commercial buildings,Arlington County
970fb5dc-ad8c-434c-a559-7e3bd575898c,World War II Memorial,Unknown,1005 Mount Vernon Avenue,Alexandria,Virginia,22301,38.81605,-77.055718,granite (rock),commemorative sculpture,,1947,schools (buildings),City of Alexandria
9148e21e-4f73-47b0-8312-cecac14c5d87,Flight of the Monarch,Brian Kirk,525 N Fayette Street,Alexandria,Virginia,22314,38.8112591,-77.0533459,"steel (alloy), paint",sculpture (visual work),,No data,roadsides,City of Alexandria
9dd487d8-6434-44ce-8b0e-c1acc865b237,Butterfly Effect,Tasha Wahl,924 King Street,Alexandria,Virginia,22314,38.80546139251518,-77.05020001874722,,mural paintings (visual works),,2019,exterior walls,City of Alexandria
f24d96be-9047-4cef-8b69-a0a7d88cfc34,Warwick Village Mini-Roundabout Mural,Chalk Riot,Warwick Village Mini-Roundabout,Alexandria,Virginia,22305,38.830802814792605,-77.06209963683892,paint,roadways,,2024,streets,City of Alexandria
ddc8391d-7f8d-4b2c-a006-0d9f0854d81a,All Good Things Come in Threes,Marlin Lord,2501 Commonwealth Ave. Alexandria VA 22314,Alexandria,Virginia,22301,38.828184,-77.060484,concrete,sculpture (visual work),,1967,libraries (buildings),City of Alexandria
41c7c9b7-8739-43da-914f-d4170fde81ba,Untitled,El Mac,901 King Street,Alexandria,Virginia,22314,38.80551170668969,-77.04928255323604,,mural paintings (visual works),,2023,commercial buildings,City of Alexandria
b4e808e0-ca4a-4024-a6a6-5bb7c5a99ca1,Floral Sky,Michael Kalish,2801 Clarendon Blvd,Claredon,Virginia,22201,38.88875674023638,-77.09203204644312,"stainless steel, powder coating","sculpture (visual work), outdoor sculpture",,2020,plazas,Arlington County
31221df2-3a79-4c8f-906f-19b696620a61,Captain Rocky Versace Plaza and Alexandria Vietnam Veterans Memorial,"Antonio Tobias ""Toby"" Mendez",2701 Commonwealth Avenue,Alexandria,Virginia,22301,38.828793212058514,-77.0601663118063,"bronze (metal), limestone, gold leaf",sculpture (visual work),,2002,recreation centers,City of Alexandria
0f12c9cc-a714-40ac-9fd5-e2a90f75e208,Kids and Dogs,Patrick Kirwin,201 E Custis Ave,Alexandria,Virginia,22301,38.8253632649752,-77.05827126250946,,mural paintings (visual works),,No data,exterior walls,City of Alexandria
ccb90966-b7c4-443e-92aa-b5c8ee1ba566,Etched Glass Bus Shelter (Clarendon 1),Preston Sampson,2700 Clarendon Boulevard,Arlington,Virginia,22201,38.88853,-77.09117,glass (material),windows,,2002,bus shelters,Arlington County
e6b37ce7-d332-476c-9382-587a188909db,Mount Vernon Recreation Center Mural,Leisa Collins,2701 Mount Vernon Avenue,Alexandria,Virginia,22301,38.828872,-77.059829,paint,mural paintings (visual works),,2010,recreation centers,City of Alexandria
1cfbc317-6c75-4f5a-ab95-984d9f30f6fa,Untitled,Alex Cook,202 E Del Ray Ave,Alexandria,Virginia,22301,38.826252276405185,-77.05841170696871,,mural paintings (visual works),,2013,,City of Alexandria
c243ec44-177c-4f5e-abba-9049a8d23bce,Del Ray Blocks,Kirk Seese,2311 Mt. Vernon Avenue,Alexandria,Virginia,22301,38.826826,-77.058638,"paint, steel (alloy), ink","sculpture (visual work), outdoor sculpture",,2021,plazas,City of Alexandria
188250d3-b0c4-4e55-a4d5-3e0ab409e8a3,Dogs of Del Ray,Patrick Kirwin,2309 Mt Vernon Ave,Alexandria,Virginia,22301,38.82662923610988,-77.05850422362205,,mural paintings (visual works),,2021,,City of Alexandria
e11e3a52-6ed4-4ccb-988d-0d2f6a1e8245,Historic Del Ray ,Chad E. Brady,2411 Mount Vernon Avenue,Alexandria,Virginia,22301,38.8272671147889,-77.0586806500234,,mural paintings (visual works),,No data,exterior walls,City of Alexandria
eab3555c-1833-4e2e-acbc-89731f94958e,Greetings from Del Ray,Chad E. Brady,2419 Mount Vernon Avenue,Alexandria,Virginia,22301,38.827601015854896,-77.05868756141884,,mural paintings (visual works),,No data,exterior walls,City of Alexandria
1f1b5fb2-4c45-4fcf-b8c6-d8a4734b467f,Colasanto Spray Park,Béatrice Coron,2700 Mount Vernon Avenue,Alexandria,Virginia,22301,38.8298660831511,-77.05959731866301,,"outdoor sculpture, installations (visual works)",,2024,parks (grounds),City of Alexandria
8b61145b-a0a6-45b1-b665-d032bf0182cb,Peace in Chirilagua,Jorge Somarriba,4109 Mount Vernon Avenue,Alexandria,Virginia,22305,38.8431951,-77.0659708,"paint, plywood",mural paintings (visual works),,1996,community centers,City of Alexandria
b1a8c6cf-f3da-4551-a25a-571e9fb25160,Standing at the Crossroads: Freedman's Village Gate,Sam Christian Holmes,2700 South Lang Street,Arlington,Virginia,22206,38.848114,-77.068416,steel (alloy),sculpture (visual work),,1997,theaters (buildings),Arlington County
615fe113-2b48-49ac-af16-e5aee189b019,Lily,Barton Rubenstein,1260 Braddock Place,Alexandria,Virginia,22314,38.81521399128208,-77.05143593181491,stainless steel,sculpture (visual work),,No data,housing complexes,City of Alexandria
b1aa9139-8f01-49cd-be78-f838a2591654,Three Eggs in Space,Karen Bailey,3015 Mount Vernon Avenue,Alexandria,Virginia,22305,38.832003,-77.059703,"marble (rock), mortar (filler), epoxy resin, bronze (metal)",sculpture (visual work),,2010,roadsides,City of Alexandria
34f40741-1421-4052-be05-b18dc938b02e,Invisible Forces,Jim Sanborn,2500 Wilson Blvd.,Arlington,Virginia,22201,38.88948776,-77.08925125,"quartz crystal, granite (rock), stainless steel, stone (rock)","sculpture (visual work), acrylic paintings",,1987,commercial buildings,Arlington County
4b4f3cb6-f3cc-4349-8d79-3823b516ca3e,Torris,William Cochran,1111 Belle Pre Way,Alexandria,Virginia,22314,38.814268,-77.05001,"glass (material), metal",sculpture (visual work),,2013,housing complexes,City of Alexandria
c044c33f-dbfb-4236-89be-84537773b243,Del Ray Play,May & Watkins,426 Monroe Avenue,Alexandria,Virginia,22314,38.822622,-77.054056,,outdoor sculpture,,No data,playgrounds,City of Alexandria
bcac97e1-2703-446f-b722-2f9024fa1fb8,Tenants and Workers United Mural,MasPaz,3801 Mount Vernon Avenue,Alexandria,Virginia,22305,38.839343037055166,-77.06233299448353,,mural paintings (visual works),,2019,community centers,City of Alexandria
f9fe4d92-a548-498e-9a58-7aa28fbdd5eb,No existen las fronteras entre los trabajadores (No Borders between Workers),Marela Zacarías,3801 Mount Vernon Avenue,Alexandria,Virginia,22305,38.839343037055166,-77.06233299448353,,mural paintings (visual works),,2006,community centers,City of Alexandria
dc623484-73ac-4223-bdb7-cd633868a5f8,Roundel,Joseph O'Connell (Creative Machines),1190 N Fayette St,Alexandria,Virginia,22314,38.817558926213394,-77.05011694759376,"stainless steel, polycarbonate",outdoor sculpture,,2021,,City of Alexandria
f478b726-ba63-4732-84a1-186a075eb5fb,Birchmere Murals,Ella J Fly,3701 Mount Vernon Avenue,Alexandria,Virginia,22305,38.839875009053685,-77.0611120118402,,mural paintings (visual works),,No data,,City of Alexandria
06603f5c-15c4-48c7-b3e0-4e4b5338a4c9,Courthouse River Plaza,Jesús Moroles,1401 N. Adams St.,Arlington,Virginia,22201,38.88952389,-77.08725893,granite (rock),"sculpture (visual work), benches (furniture), fountain (water feature)",,2009,plazas,Arlington County
d3b87870-3b7d-40b0-9a70-5659a76193e8,Dressed Up and Pinned,Vivian Beer,2401 Wilson Blvd,Courthouse,Virginia,22201,38.891279188048834,-77.08765171760797,"steel (alloy), stainless steel, coating","sculpture (visual work), outdoor sculpture",,2016,commercial buildings,Arlington County
f998e73a-6bd9-496e-bf69-bedc9a3cda31,Dressed Up and Pinned,Vivian Beer,2401 Wilson Boulevard,Arlington,Virginia,22012,38.890875,-77.087354,steel (alloy),sculpture (visual work),,2016,plazas,Schupp Companies
623db55b-e8a9-40e1-8570-a070fd61a869,Brio,Jimilu Mason,301 King Street,Alexandria,Virginia,22314,38.804791,-77.042835,bronze (metal),sculpture (visual work),,1983,walkways,City of Alexandria
d5bf0007-6be2-43f9-9dae-bb8848482f14,Come Together,Shelby Bavin,632 N. Washington Street,Alexandria,Virginia,22314,38.811844111422175,-77.04580012590559,,mural paintings (visual works),,2020,,City of Alexandria
9f41912f-939c-495b-9a52-f27bdcadce67,Arlington Boulevard,Vicki Scuri,Arlington Blvd,Arlington,Virginia,22201,38.8861432,-77.0833867,"concrete, steel (alloy), LEDs, plant material","installations (visual works), bridges (built works)",,2014,roadsides,Arlington County
d1e14b72-4add-4091-a000-88aa3ca5da83,Old Town Mural,Meg Biram,106 N. Lee Street,Alexandria,Virginia,22314,38.80479916707059,-77.0415297097259,,mural paintings (visual works),,2019,exterior walls,City of Alexandria
870d63f7-94fb-450c-9940-05887c330f91,Potomac Harvest,Chris Erney,220 S Union Street ,Alexandria,Virginia,22314,38.80240481323477,-77.04033245987004,"bronze (metal), stainless steel",sculpture (visual work),,No data,hotels (public accommodations),City of Alexandria
62d3faf8-2bf8-4cc3-ba34-683326597f77,Transmission,Richard Chartier,"2100 Clarendon Boulevard, 4th Floor",Arlington,Virginia,22201,38.8904878,-77.0852954,"latex (organic material), paint",mural paintings (visual works),,2006,interior spaces (spaces by location),Arlington County
ae5231ae-7d3d-4740-b5bb-4d862be888f1,Untitled (Courthouse Plaza),Linn Meyers,2100 Clarendon Blvd.,Arlington,Virginia,22201,38.8904878,-77.0852704,glass (material),"wall pieces, architecture (object genre), windows",,2012,interior spaces (spaces by location),Arlington County
6cecc1ae-e17e-441d-8f1e-4d331c7b71f0,Untitled (Verizon Plaza),Kendall Buster,1320 North Courthouse Road,Arlington,Virginia,22201,38.88931255,-77.08403061,bronze (metal),sculpture (visual work),,2000,plazas,Arlington County
204fa25d-d84f-4d79-883e-61655375b90f,Shipbuilder,Michael Curtis,1A Prince St,Alexandria,Virginia,22314,38.8033656,-77.0394069,"bronze (metal), granite (rock)",sculpture (visual work),,2004,"parks (grounds), parks (grounds), parks (grounds)",City of Alexandria
2b1c4a87-0bc7-4693-a40a-5eec4cbf657b,Interstellar Influencer (Make an Impact),StudioKCA,1A Prince Street,Alexandria,Virginia,22314,38.804014,-77.039676,"metal, lighting device components, water",temporary,,2024,"parks (grounds), public spaces",City of Alexandria
c1993033-ab98-49a9-8e1a-ac85028a4014,Break Water,Nekisha Durrett,106 S Union St,Alexandria,Virginia,22314,38.804014,-77.039676,"wood (plant material), LEDs",outdoor sculpture,,2025,"parks (grounds), public spaces",City of Alexandria
89da6333-5b16-41cc-8a13-a317d3c58e6a,Mirror Mirror,SOFTlab,"Waterfront Park, North",Alexandria,Virginia,22314,38.803960000000004,-77.039524,"Plexiglas (TM), aluminum (metal)",temporary,,2019,"parks (grounds), public spaces",City of Alexandria
0a3fd120-d899-4153-9ec9-abb895033f37,Two Boxes of Oranges and Admonia Jackson,Nina Cooke John,"Waterfront Park, North",Alexandria,Virginia,22314,38.803960000000004,-77.039524,"metal, lighting device components",temporary,,2023,"parks (grounds), public spaces",City of Alexandria
ed8a8fe9-addf-493d-9c59-b670ba7bc37a,Groundswell,Mark Reigelman,"Waterfront Park, North",Alexandria,Virginia,22314,38.803960000000004,-77.039524,wood (plant material),temporary,,2021,"parks (grounds), public spaces",City of Alexandria
59bb7d57-01e6-401a-9e47-479caf668f57,I Love You,R & R Studios,"Waterfront Park, North",Alexandria,Virginia,22314,38.803960000000004,-77.039524,neon,temporary,,2022,"parks (grounds), public spaces",City of Alexandria
687972aa-ccb3-4a3d-ac7a-4acc567f38e9,Torpedo Factory Art Center Staircase,Artists from the Torpedo Factory Art Center,105 N Union Street,Alexandria,Virginia,22314,38.804811,-77.039829,mixed media,sculpture (visual work),,1984,art centers,City of Alexandria
65f63a69-e93d-4d3b-b5dc-2bc088544d46,Coloring Outside the Lines,Rachel Kerwin,105 N Union Street,Alexandria,Virginia,22314,38.804811,-77.039829,acrylic paint,mural paintings (visual works),,2014,art centers,City of Alexandria
67dfc565-41d7-4307-85a1-eadbd0ef71eb,City Sweep,Bernard Collin,500 Madison St.,Alexandria,Virginia,22314,38.812827,-77.043611,stainless steel,installations (visual works),,2014,shopping centers,City of Alexandria
3ee3903b-b963-4f41-b02b-721992e521bb,Efflorescence,Silas Baker,201 N Union St,Alexandria,Virginia,22314,38.80591121580798,-77.03981856210049,,mural paintings (visual works),,2024,art centers,City of Alexandria
b2516d79-be4d-4eac-842c-1ec272f45e4b,Plinth,Tom Fruin,530 First Street,Alexandria,Virginia,22314,38.81401690472535,-77.04330039340289,"glass (material), Plexiglas (TM), steel (alloy)",sculpture (visual work),,No data,housing complexes,City of Alexandria
6249a042-6ef4-4e4c-9c82-042ee719e869,Arizona Needle,Tom Faulkner,601 N. Fairfax Street,Alexandria,Virginia,22314,38.811024290800916,-77.04098989897221,Cor-Ten steel (TM),"outdoor sculpture, sculpture (visual work)",,2024,housing complexes,City of Alexandria
5c26581f-b116-485f-9c02-42412b223210,Ripple (Rimpeling),Tejo Remy,3402 South Glebe Road,Arlington,Virginia,22202,38.843784,-77.056786,"powder coating, steel (alloy)",installations (visual works),,2015,public spaces,Arlington County
43a67898-0524-4c5c-b79e-f8105911408b,Watermarks,D.I.R.T. Studio,S Eads Street & S Glebe Road,Four Mile Run,Virginia,22202,38.84293549351563,-77.05479555993891,"plastic (organic material), thermoplastic coating","floors (surface elements), murals (any medium)",,2017,walkways,Arlington County
c5b83bfb-9bbd-4cdd-a753-64237268aee6,Rising Star,Joseph O'Connell (Creative Machines),1351 N Rolfe St,Arlington,Virginia,22209,38.88954993668577,-77.07936545993749,"stainless steel, LEDs","sculpture (visual work), outdoor sculpture",,2019,,Arlington County
44efdf11-aab0-4c18-8f12-031fc3c37299,Choreography of Wills,Zachary Oxman,944 N. Fairfax St,Alexandria,Virginia,22314,38.814003325344544,-77.04028557906832,"bronze (metal), stainless steel",outdoor sculpture,,2021,sidewalks,City of Alexandria
f74d04bf-75e6-4db6-ac83-e06c13307c14,Fifi,Lincoln Schatz,1400 South Joyce Street,Arlington,Virginia,22202,38.86158254,-77.06390419,"Plexiglas (TM), stainless steel",sculpture (visual work),,1998,housing complexes,Arlington County
e44f70a3-369b-4586-a817-e87b8b68a3b2,Good Morning Star Shine,Patrick Kirwin,Venue Condominium at Mount Vernon Trail,Alexandria,Virginia,22314,38.813750332711514,-77.03955651862736,,mural paintings (visual works),,2023,housing complexes,City of Alexandria
266a1032-28bc-41bf-a2ba-9b90e32ceb16,Muse Sculptures,Jeff Chyatte,1201 N Royal St,Alexandria,Virginia,22314,38.8172501779163,-77.0404816825283,,outdoor sculpture,,2022,housing complexes,City of Alexandria
5c0055de-44b1-4130-be4e-1969a945295a,Old Town North Artist-Designed Stormwater Covers,Matt Long,Old Town North (N. Fairfax),Alexandria,Virginia,22314,38.816969383140254,-77.03985792146025,cast iron,manhole covers,,2023,,City of Alexandria
0cff8ec3-c342-4ae6-8edb-223b16a6ff41,Promenade Classique,Anne Poirier,44 Canal Center Plaza & Waterfront,Alexandria,Virginia,22314,38.814466,-77.03859,"bronze (metal), copper (metal), marble (rock), iron (metal), concrete, brick, coal, granite (rock)","installations (visual works), fountain (water feature)",,1986,plazas,City of Alexandria
d6589deb-b74c-4f7a-9241-7d7b52016771,A Subtle Trip,Rob Ley,Potomac Yard,Alexandria,Virginia,22305,38.83270265287215,-77.04745073834471,"aluminum (metal), paint","installations (visual works), architecture (object genre)",,2023,public transit (infrastructure),Washington Metropolitan Area Transit Authority
091edaa3-6dc2-49f0-95f6-eef914cac090,Helix,John Dreyfuss,1800 Wilson Boulevard,Arlington,Virginia,22201,38.89365434,-77.07884444,bronze (metal),sculpture (visual work),,2006,housing complexes,Arlington County
12b1674f-e337-4b0a-b2d4-e64b8c9fbce0,Fragments of Sky,Larry Kirkland,3400 S Clark St,Crystal City,Virginia,22202,38.84441161448012,-77.05225500226847,granite (rock),"sculpture (visual work), outdoor sculpture",,2020,"plazas, housing complexes",Arlington County
71978b44-480a-48e1-9e48-df0bbfb52bbd,Wonder Wander,Larry Kirkland,3600 S. Glebe Road.,Arlington,Virginia,22202,38.8431576,-77.05148811,"granite (rock), water","sculpture (visual work), fountain (water feature), outdoor sculpture, benches (furniture)",,2010,parks (recreation areas),Arlington County
aebafb1d-837a-472a-bd17-3e9d9eb0f17f,Connections,Barbara Bernstein,3627 S Glebe Road,Crystal City,Virginia,22202,38.843037829605606,-77.05139800226851,"ink, vinyl","murals (any medium), windows",,2016,bus shelters,Arlington County
94358458-c62f-4ce5-913b-4e7788368da4,Aya,Foon Sham,1601 Wilson Boulevard,Arlington,Virginia,22209,38.893859,-77.077246,wood (plant material),sculpture (visual work),,2007,atriums (interior spaces),Arlington County
1f02384d-eaa0-464d-ac55-d8ba0258880d,Radiolaria,Wendy M. Ross,1601 Wilson Boulevard,Arlington,Virginia,22209,38.894833,-77.077615,stainless steel,sculpture (visual work),,2007,housing complexes,Arlington County
4bba6b95-d7bb-4453-aeac-188e46bc6fe3,Untitled (Bennett Park Apartments),Kendall Buster,1601 Wilson Boulevard,Arlington,Virginia,22209,38.8943934,-77.0772529,"cloth, powder coating, steel (alloy)",sculpture (visual work),,2007,housing complexes,Arlington County
c9c5fda5-2ac2-4512-a37a-cebe92c09f70,Fire Lines,David Hess,1535 Wilson Blvd,Arlington,Virginia,22209,38.8948135758955,-77.07586500226701,"stainless steel, LEDs","sculpture (visual work), outdoor sculpture",,2021,fire stations,Arlington County
c78d1304-dbb6-4a0e-acb7-706de8bc7e2c,Potomac Garden,Kokoro Carvers,2777 Crystal Drive,Arlington,Virginia,22202,38.84840221,-77.05120684,granite (rock),sculpture (visual work),,2006,plazas,Arlington County
edf335ff-3702-420f-bff2-a3776ef166e9,Anna and David,Miriam Schapiro,1525 Wilson Boulevard,Arlington,Virginia,22201,38.89491319,-77.07518005,"aluminum (metal), paint, stainless steel",sculpture (visual work),,1987,commercial buildings,Arlington County
b41187a5-7bbe-4437-91b9-dbc39011123d,Cupid's Garden,Chris Gardner,1711 N. Oak Street,Arlington,Virginia,22209,38.89461,-77.0738,stainless steel,sculpture (visual work),,1994,intersections,Arlington County
fe782b18-5bb2-4a3a-8e7f-594cececa0d7,Continuum,David Chung,1800 North Oak Street,1800 North Oak Street,Virginia,22209,38.8962431,-77.07456312,"composite material, tile, ceramic (material)","mosaics (visual works), murals (any medium)",,2003,housing complexes,Arlington County
cfd80189-a7dd-4d6c-9570-c50d3a386805,Reposto,David Chung,1800 North Oak Street,Arlington,Virginia,22209,38.896026,-77.07437,"porcelain, tile, concrete, steel (alloy)","sculpture (visual work), mosaics (visual works), acrylic paintings",,2003,housing complexes,Arlington County
4cb624de-6bb9-451f-b70a-2f2479a42786,"The Family: David, Haggit, and Adoniyya",Boaz Vaadia,1300 17th Street,Arlington,Virginia,22209,38.893755,-77.072568,stone (rock),sculpture (visual work),,1992,walkways,Arlington County
e9ce87d8-9ac2-486d-999c-b7baf144556d,Dark Star Park,Nancy Holt,1655 Fort Myer Drive,Arlington,Virginia,22209,38.89352933,-77.07145857,"concrete, earth, wood (plant material), stone (rock), water, plant material","sculpture (visual work), environmental art, outdoor sculpture",,1984,parks (grounds),Arlington County
4c8107b4-efb2-4c97-9166-7991413eadef,Rosslyn,David Chung,1801-1803 N. Fort Meyer Drive,Arlington,Virginia,22209,38.8951506,-77.07208517,"paint, mineral",mural paintings (visual works),,2000,subway stations,Arlington County
250a7b6d-e540-4ecf-870a-68bc1a7053db,Quill,Christian Moeller,1812 N. Moore Street,Arlington,Virginia,22209,38.896332,-77.071503,aluminum (metal),installations (visual works),,2014,utilities buildings,Arlington County
937625d6-689c-47a0-b49a-736e64898d98,Luminous Bodies,Cliff Garten,N Lynn St & Lee Highway,Rosslyn,Virginia,22209,38.89659607588361,-77.07084340226696,"stainless steel, LEDs","sculpture (visual work), outdoor sculpture",,2020,"bridges (built works), intersections",Arlington County
d2baeec9-718a-4336-921a-9521988a6f54,Gravity and Grace,Cliff Garten,1800 N Lynn St,Rosslyn,Virginia,22209,38.89692547206101,-77.07086185993725,"LEDs, lighting device components","light art, installations (visual works)",,2018,public spaces,Arlington County
1496fcfa-a8a6-4780-b233-ece29dec8e14,Liquid Pixels,Ned Kahn,1801 North Lynn Street,Arlington,Virginia,22209,38.8970344,-77.0704791,stainless steel,"installations (visual works), Kinetic (style)",,2002,commercial buildings,Arlington County
1d0857a3-1f3d-46d3-ac77-46d25b417b6b,Silver Lining,Rob Ley,1770 Crystal Drive,Arlington,Virginia,22202,38.858516425806314,-77.04944609049576,"aluminum (metal), paint",sculpture (visual work),,2023,commercial buildings,Amazon
3288a862-9944-41f0-8ba0-ef9fee8d6a1b,Sky Column,Douglas Hollis,333 Long Bridge Dr,Crystal City,Virginia,22202,38.86679493571982,-77.04839445993825,"stainless steel, terrazzo","sculpture (visual work), outdoor sculpture",,2021,community centers,Arlington County
4843150f-57e2-44a5-9a39-b4936fdc726b,Wave Arbor,Douglas Hollis,475 Long Bridge Dr.,Arlington,Virginia,22202,38.8665788,-77.04719728,"aluminum (metal), LEDs, paint, steel (alloy)","kinetic (style), sculpture (visual work)",,2011,parks (recreation areas),Arlington County
4adb2880-f36a-4d76-a759-bf129b161e17,Color Dance,Dorothy Gillespie,30461 Garnand Dr,Emory,Virginia,24327,36.77268345802128,-81.82916377134407,"aluminum (metal), enamel (fused coating)","wall pieces, sculpture (visual work)",abstract (general art genre),1992,universities,Emory & Henry University
c7131c79-133b-4e37-96c5-d5b726a09aec,Moving Water,Matthew Harwood,6348 Northumberland Hwy,Heathsville,Virginia,22473,37.921513,-76.483713,"cedar, fiberglass, stainless steel",benches (furniture),,2012,recreation centers,Northumberland Family YMCA
bb9b3f23-bb4c-49b1-a2ba-f70eae6d6194,Narcissi,Louise Jones,6630 Main St,Gloucester,Virginia,23061,37.41355510946019,-76.52566627282641,paint,mural paintings (visual works),,2018,storefronts,The Cook Foundation
9f1a8e78-652f-477d-bc85-015b69b85b3d,Man and Crocodile,Girolamo Ciulla,Newport News Park,Newport News,Virginia,23606,37.17783548516651,-76.54600222400785,marble (rock),outdoor sculpture,,2021,parks (grounds),Newport News Public Art Foundation
a5cd4dd0-d1a8-4ab2-9702-48cd4939d177,La Luna,Lars Widenfalk,Chatham Dr and Bland Blvd,Newport News,Virginia,23602,37.123129403078785,-76.51854712335579,marble (rock),sculpture (visual work),,2020,parks (grounds),Newport News Public Art Foundation
2258441b-b7a2-4314-841a-1b5f20653913,Izar,Bruce White,Newport News/Williamsburg International Airport entrance,Newport News,Virginia,23602,37.127775407918435,-76.51127919542454,stainless steel,outdoor sculpture,,2007,"intersections, airports",Newport News Public Art Foundation
15f27d2f-f97a-4782-89b5-093ec15fa462,Time,Lee Tribe,"12750 Warwick Boulevard, across from Peninsula Memorial Park",Newport News,Virginia,23606,37.09189,-76.503561,steel (alloy),outdoor sculpture,,2013,median strips,Newport News Public Art Foundation
d888aa0f-23e6-416a-8b8b-1f826447bbdb,Starfinder,Owen Morrel,800 Tech Center Parkway,Newport News,Virginia,23606,37.10034267153535,-76.48356554469926,"aluminum (metal), steel (alloy)",sculpture (visual work),geometric,2024,universities,Newport News Public Art Foundation
23f791f8-c826-48a4-9d4d-4851caec9afc,Natural,Masaru Bando,Intersection of Thomas Wolfe and Philip Roth Streets,Newport News,Virginia,,37.08515114002346,-76.48841050570286,bronze (metal),bronzes (sculptures),,2003,intersections,Newport News Public Art Foundation
fda65dc0-3434-4aac-8413-d8ed4c15b2fc,Il Segreto,Emanuele De Reggi,"Walt Whitman Avenue at Mark Twain Square, Port Warwick",Newport News,Virginia,,37.08288685163829,-76.48754359538265,bronze (metal),bronzes (sculptures),,2004,intersections,Newport News Public Art Foundation
73c81557-7010-4251-a4e5-67e08904ce83,Melpomene,Romolo Del Deo,"Intersection of Nat Turner Boulevard and Walt Whitman Avenue, Port Warwick",Newport News,Virginia,23606,37.08252,-76.486779,bronze (metal),bronzes (sculptures),,2002,intersections,Newport News Public Art Foundation
c07a08b5-d13a-46a6-99f8-9bcf2cc19e18,Francesco,Emanuele De Reggi,Christopher Newport University campus,Newport News,Virginia,23606,37.0625361,-76.4964762,bronze (metal),bronzes (sculptures),,2013,universities and colleges,Newport News Public Art Foundation
ce46c25e-02b1-41a6-8a8f-c33cd4125b77,Spring Breeze,Rodney Carroll,11800 block of Jefferson Avenue,Newport News,Virginia,23606,37.08561,-76.481838,"stainless steel, bronze (metal)",sculpture (visual work),,2001,sidewalks,Newport News Public Art Foundation
1b870d4b-5127-4542-88a7-c53f2e2793f3,Elements,Inger Sannes,Intersection of Avenue of the Arts and Shoe Lane,Newport News,Virginia,23606,37.062058,-76.492288,marble (rock),outdoor sculpture,,2008,"intersections, universities and colleges",Newport News Public Art Foundation
c71a56ed-d17f-4fa6-bb29-6d3fdc07e108,Lenape Gate,Harry Gordon,"Emily Dickinson Square, Port Warwick",Newport News,Virginia,23606,37.0761676865571,-76.48314327607754,granite (rock),outdoor sculpture,,2004,public spaces,Newport News Public Art Foundation
a282ab5f-3f3d-4e23-9a63-09b05ed567c4,Hammer Tribute,Jim Benedict,Intersection of City Center Blvd and Canon Blvd.,Newport News,Virginia,23606,37.092923,-76.473488,steel (alloy),outdoor sculpture,,2017,commercial complexes,Newport News Public Art Foundation
37506bbf-63d7-4ebd-ba91-113d7f93b218,Handshake,Gunther Stilling,Roundabout at Thimble Shoals Blvd. and Town Center Drive,Newport News,Virginia,23606,37.085263705282586,-76.47594866969447,aluminum (metal),outdoor sculpture,,2013,"traffic circles, intersections",Newport News Public Art Foundation
64ab6569-e58b-4e71-8f15-43cc3fb7635d,Spirit of Life,Helaine Blumenfeld,12000 Warwick Boulevard,Newport News,Virginia,23601,37.05944199719884,-76.4840869924693,marble (rock),sculpture (visual work),,2005,hospitals,Newport News Public Art Foundation
bce68398-e422-4905-9682-fad3aa186f4c,Reinvented,Rob Lorenson,Intersection of Canon and Thimble Shoals Boulevards,Newport News,Virginia,23606,37.08479784483629,-76.46954172872566,stainless steel,outdoor sculpture,,2005,intersections,Newport News Public Art Foundation
334ddf33-2aec-4977-b748-fd1bd8053abb,Memory of Green,Masaru Bando,735 Thimble Shoals Blvd.,Newport News,Virginia,23606,37.083453,-76.466937,bronze (metal),bronzes (sculptures),,2000,commercial buildings,Newport News Public Art Foundation
91a860d6-3efe-42b2-bf67-bb099a9d3d63,Selene,Maria Gamundi,Intersection of Museum Drive and Museum Parkway,Newport News,Virginia,,37.0420359,-76.4885275,marble (rock),sculpture (visual work),,2013,parks (grounds),Newport News Public Art Foundation
f09aacad-cf28-4cf5-8b02-bc1e6e43d6c1,Whitetail Crossing,Wendy Klemperer,Entrance to Deer Park at 11523 Jefferson Avenue,Newport News,Virginia,23601,37.0695,-76.472388,recycled materials,outdoor sculpture,,2015,parks (grounds),Newport News Public Art Foundation
5b42227f-6873-4af3-b8aa-06b19fb12c85,Carambola,Emanuele De Reggi,100 Main Street,Newport News,Virginia,23601,37.03343843796838,-76.45939950146939,bronze (metal),bronzes (sculptures),,2008,public spaces,Newport News Public Art Foundation
8cd5e36d-3695-4c7e-919c-48111fc10fe9,Monument to Service,Greg Henry,9710 Jefferson Avenue,Newport News,Virginia,23605,37.03050635098383,-76.44925971178952,granite (rock),outdoor sculpture,,2009,"public buildings, police stations",Newport News Public Art Foundation
8c832665-45a0-4565-ba7e-a2a427dff217,Due,Masaru Bando,Huntington Rose Garden,Newport News,Virginia,23607,37.01978833610429,-76.45221405332836,bronze (metal),bronzes (sculptures),,2016,gardens (open spaces),Newport News Public Art Foundation
988afc3c-b250-4d1f-b894-fe848925b956,Build a Dream,Richard Hunt,Intersection of Jefferson Avenue and 31st Street,Newport News,Virginia,23607,36.985104455164006,-76.42356708022137,stainless steel,sculpture (visual work),"abstract (general art genre), hope",2011,intersections,Richard Hunt Public Art Collection
698bb648-9467-4e8b-b5cf-e682de5a207d,Chryshellis,Eileen Gay,West Ocean View Ave,Norfolk,Virginia,,36.966634,-76.276204,"concrete, ceramic glaze, porcelain, mosaic glass, tile","sculpture (visual work), mosaics (visual works)",,2021,parks (recreation areas),Norfolk Arts
a8ddcb76-a8de-4b69-a6e5-18ceb0dc2d9e,Guiding Sails,Koryn Rolstad Studios,1251 W 42nd St.,Norfolk,Virginia,23508,36.882612,-76.304046,"concrete, aluminum (metal), LEDs",outdoor sculpture,,2011,community centers,Norfolk Arts
254555a8-d2c0-498e-aef0-bc67363818cf,Upper Blush,Matthew Geller,,"Norfolk, VA",Virginia,23510,36.8564757,-76.2919272,"paint, stainless steel, wood (plant material), laminated plastic",outdoor sculpture,,2017,public spaces,Norfolk Arts
2df1fb97-1a35-4d1f-ac39-3a1726d87a28,Upper Blush,Matthew Geller,146 W Olney Rd,Norfolk,Virginia,23510,36.856374,-76.289819,"paint, stainless steel, wood (plant material), concrete, lexan",sculpture (visual work),,2018,public spaces,Norfolk Arts
bf90107b-6316-4385-8a41-039da2516cdd,The Norfolk Mermaid,Mark Leichliter,1 Waterside Dr,Norfolk,Virginia,23510,36.846903,-76.294835,stainless steel,outdoor sculpture,,2009,water features,Norfolk Arts
793ded54-5ca8-4cf1-b2f5-c62ccc8638ae,Waterwork,Stephen Farley,333 Waterside Drive,Norfolk,Virginia,23510,36.84508,-76.292065,"glaze, ceramic tile","murals (any medium), photographs",,2009,parks (recreation areas),Norfolk Arts
4edf404d-c3b4-4d94-b86f-50f1f7021404,MetalMatisse,Electroland LLC,198 Bank Street,Norfolk,Virginia,23510,36.847364,-76.289284,"stainless steel, LEDs, sound device components","sculpture (visual work), light art",,2013,parks (grounds),Norfolk Arts
6dcb0358-d127-4a6f-95c7-5cb97878e838,The Canoes,Donald Lipski,Lesner Bridge,Virginia Beach,Virginia,23451,36.907513,-76.09383,"stainless steel, LEDs, canoes",outdoor sculpture,,2018,bridges (built works),Virginia Beach Public Art
